{"cameraMode":{"drawMode":0,"name":"Shaded","section":"Shading Mode"},"sceneLighting":false,"audioPlay":false,"sceneViewState":{"m_AlwaysRefresh":false,"showFog":true,"showSkybox":false,"showFlares":true,"showImageEffects":true,"showParticleSystems":true,"showVisualEffectGraphs":true,"m_FxEnabled":true},"in2DMode":false,"pivot":{"x":-20.504526138305665,"y":245.3411865234375,"z":399.7937316894531},"rotation":{"x":0.2954969108104706,"y":0.012038832530379296,"z":-0.0037240791134536268,"w":0.9552615284919739},"size":1.8557252883911133,"orthographic":false}